Customer Number,Units,Product,Unit Price,Discount,Credit Band,Order Book Price,Revenue
A-0000001,626,PROD-5,0.95,0,A,594.7,594.7
A-0000002,1792,PROD-4,1.5,0,A,2688,2688
A-0000003,1090,PROD-5,0.95,0,B,1035.5,1035.5
A-0000004,1463,PROD-3,2.76,0,A,4037.88,4037.88
A-0000005,1357,PROD-4,1.5,0,A,2035.5,2035.5
A-0000006,1734,PROD-5,0.95,0,C,1647.3,1647.3
A-0000007,1582,PROD-3,2.76,0,A,4366.32,4366.32
A-0000008,422,PROD-3,2.76,0,A,1164.72,1164.72
A-0000009,384,PROD-4,1.5,0,A,576,576
A-0000010,1334,PROD-5,0.95,0,C,1267.3,1267.3
A-0000011,1827,PROD-3,2.76,0,A,5042.52,5042.52
A-0000012,1478,PROD-3,2.76,0,C,4079.28,4079.28
A-0000013,1408,PROD-1,1.93,0,C,2717.44,2717.44
A-0000014,1544,PROD-3,2.76,0,A,4261.44,4261.44
A-0000015,1786,PROD-1,1.93,0,A,3446.98,3446.98
A-0000016,1635,PROD-4,1.5,0.05,B,2452.5,2329.875
A-0000017,1545,PROD-5,0.95,0,C,1467.75,1467.75
A-0000018,1730,PROD-2,1.67,0,C,2889.1,2889.1
A-0000019,1788,PROD-4,1.5,0.1,A,2682,2413.8
A-0000020,1115,PROD-5,0.95,0,C,1059.25,1059.25
A-0000021,142,PROD-5,0.95,0,B,134.9,134.9
A-0000022,221,PROD-1,1.93,0.05,C,426.53,405.2035
A-0000023,447,PROD-1,1.93,0.1,B,862.71,776.439
A-0000024,1349,PROD-2,1.67,0,C,2252.83,2252.83
A-0000025,473,PROD-2,1.67,0,A,789.91,789.91
A-0000026,393,PROD-4,1.5,0,A,589.5,589.5
A-0000027,1220,PROD-4,1.5,0,A,1830,1830
A-0000028,1187,PROD-4,1.5,0,A,1780.5,1780.5
A-0000029,1493,PROD-4,1.5,0.1,A,2239.5,2015.55
A-0000030,868,PROD-3,2.76,0,A,2395.68,2395.68
A-0000031,933,PROD-3,2.76,0,A,2575.08,2575.08
A-0000032,115,PROD-1,1.93,0,A,221.95,221.95
A-0000033,124,PROD-3,2.76,0,A,342.24,342.24
A-0000034,947,PROD-2,1.67,0,C,1581.49,1581.49
A-0000035,1179,PROD-1,1.93,0,A,2275.47,2275.47
A-0000036,986,PROD-3,2.76,0,C,2721.36,2721.36
A-0000037,1781,PROD-2,1.67,0,C,2974.27,2974.27
A-0000038,1097,PROD-3,2.76,0,A,3027.72,3027.72
A-0000039,1865,PROD-5,0.95,0,B,1771.75,1771.75
A-0000040,1644,PROD-3,2.76,0,B,4537.44,4537.44
A-0000041,1184,PROD-1,1.93,0,C,2285.12,2285.12
A-0000042,673,PROD-2,1.67,0,C,1123.91,1123.91
A-0000043,1332,PROD-1,1.93,0,A,2570.76,2570.76
A-0000044,1608,PROD-3,2.76,0,A,4438.08,4438.08
A-0000045,1213,PROD-3,2.76,0,C,3347.88,3347.88
A-0000046,379,PROD-5,0.95,0,C,360.05,360.05
A-0000047,840,PROD-4,1.5,0,A,1260,1260
A-0000048,288,PROD-1,1.93,0,C,555.84,555.84
A-0000049,1354,PROD-1,1.93,0,B,2613.22,2613.22
A-0000050,312,PROD-3,2.76,0,A,861.12,861.12
A-0000051,305,PROD-3,2.76,0,B,841.8,841.8
A-0000052,1941,PROD-3,2.76,0.05,B,5357.16,5089.302
A-0000053,305,PROD-3,2.76,0,B,841.8,841.8
A-0000054,756,PROD-4,1.5,0,C,1134,1134
A-0000055,846,PROD-2,1.67,0,A,1412.82,1412.82
A-0000056,827,PROD-2,1.67,0.1,C,1381.09,1242.981
A-0000057,1952,PROD-4,1.5,0,A,2928,2928
A-0000058,625,PROD-3,2.76,0.05,C,1725,1638.75
A-0000059,1493,PROD-5,0.95,0.1,C,1418.35,1276.515
A-0000060,460,PROD-4,1.5,0,B,690,690
A-0000061,141,PROD-2,1.67,0,B,235.47,235.47
A-0000062,1185,PROD-5,0.95,0,A,1125.75,1125.75
A-0000063,1312,PROD-1,1.93,0.05,A,2532.16,2405.552
A-0000064,530,PROD-2,1.67,0,C,885.1,885.1
A-0000065,750,PROD-5,0.95,0,A,712.5,712.5
A-0000066,1257,PROD-5,0.95,0,C,1194.15,1194.15
A-0000067,1001,PROD-2,1.67,0,C,1671.67,1671.67
A-0000068,1488,PROD-1,1.93,0,A,2871.84,2871.84
A-0000069,1551,PROD-3,2.76,0,A,4280.76,4280.76
A-0000070,913,PROD-2,1.67,0,A,1524.71,1524.71
A-0000071,623,PROD-4,1.5,0,A,934.5,934.5
A-0000072,1867,PROD-4,1.5,0,A,2800.5,2800.5
A-0000073,100,PROD-4,1.5,0,A,150,150
A-0000074,513,PROD-2,1.67,0,A,856.71,856.71
A-0000075,1741,PROD-4,1.5,0,A,2611.5,2611.5
A-0000076,622,PROD-4,1.5,0,A,933,933
A-0000077,1127,PROD-2,1.67,0,C,1882.09,1882.09
A-0000078,1957,PROD-2,1.67,0.1,C,3268.19,2941.371
A-0000079,1839,PROD-3,2.76,0,A,5075.64,5075.64
A-0000080,1055,PROD-4,1.5,0.05,A,1582.5,1503.375
A-0000081,886,PROD-4,1.5,0,A,1329,1329
A-0000082,1636,PROD-5,0.95,0,A,1554.2,1554.2
A-0000083,330,PROD-2,1.67,0,A,551.1,551.1
A-0000084,725,PROD-1,1.93,0,C,1399.25,1399.25
A-0000085,758,PROD-4,1.5,0,A,1137,1137
A-0000086,540,PROD-4,1.5,0,A,810,810
A-0000087,118,PROD-4,1.5,0,C,177,177
A-0000088,170,PROD-3,2.76,0,B,469.2,469.2
A-0000089,170,PROD-1,1.93,0,A,328.1,328.1
A-0000090,1537,PROD-2,1.67,0,A,2566.79,2566.79
A-0000091,1501,PROD-1,1.93,0,C,2896.93,2896.93
A-0000092,1906,PROD-5,0.95,0,A,1810.7,1810.7
A-0000093,1455,PROD-3,2.76,0,B,4015.8,4015.8
A-0000094,1481,PROD-4,1.5,0,A,2221.5,2221.5
A-0000095,989,PROD-1,1.93,0,C,1908.77,1908.77
A-0000096,150,PROD-1,1.93,0,A,289.5,289.5
A-0000097,1871,PROD-1,1.93,0,A,3611.03,3611.03
A-0000098,1430,PROD-3,2.76,0,A,3946.8,3946.8
A-0000099,1375,PROD-3,2.76,0,C,3795,3795
A-0000100,519,PROD-1,1.93,0,C,1001.67,1001.67
A-0000101,131,PROD-5,0.95,0,B,124.45,124.45
A-0000102,461,PROD-4,1.5,0,A,691.5,691.5
A-0000103,1016,PROD-3,2.76,0,A,2804.16,2804.16
A-0000104,1282,PROD-2,1.67,0,A,2140.94,2140.94
A-0000105,1755,PROD-5,0.95,0,A,1667.25,1667.25
A-0000106,324,PROD-4,1.5,0,C,486,486
A-0000107,1678,PROD-5,0.95,0,B,1594.1,1594.1
A-0000108,652,PROD-2,1.67,0,A,1088.84,1088.84
A-0000109,807,PROD-5,0.95,0,A,766.65,766.65
A-0000110,1863,PROD-3,2.76,0,A,5141.88,5141.88
A-0000111,608,PROD-5,0.95,0.05,C,577.6,548.72
A-0000112,1687,PROD-3,2.76,0,A,4656.12,4656.12
A-0000113,1004,PROD-3,2.76,0,C,2771.04,2771.04
A-0000114,1222,PROD-2,1.67,0,C,2040.74,2040.74
A-0000115,916,PROD-2,1.67,0,A,1529.72,1529.72
A-0000116,195,PROD-2,1.67,0,A,325.65,325.65
A-0000117,1297,PROD-5,0.95,0.1,B,1232.15,1108.935
A-0000118,259,PROD-1,1.93,0,A,499.87,499.87
A-0000119,1271,PROD-2,1.67,0.05,A,2122.57,2016.4415
A-0000120,789,PROD-5,0.95,0,A,749.55,749.55
A-0000121,415,PROD-5,0.95,0,A,394.25,394.25
A-0000122,309,PROD-4,1.5,0.1,C,463.5,417.15
A-0000123,1964,PROD-4,1.5,0.2,A,2946,2356.8
A-0000124,1177,PROD-5,0.95,0,A,1118.15,1118.15
A-0000125,1251,PROD-1,1.93,0,A,2414.43,2414.43
A-0000126,1839,PROD-5,0.95,0,C,1747.05,1747.05
A-0000127,205,PROD-3,2.76,0,C,565.8,565.8
A-0000128,1138,PROD-4,1.5,0.1,C,1707,1536.3
A-0000129,1505,PROD-1,1.93,0,B,2904.65,2904.65
A-0000130,1293,PROD-1,1.93,0,C,2495.49,2495.49
A-0000131,603,PROD-1,1.93,0.05,A,1163.79,1105.6005
A-0000132,1384,PROD-4,1.5,0.1,A,2076,1868.4
A-0000133,880,PROD-4,1.5,0,A,1320,1320
A-0000134,401,PROD-3,2.76,0,A,1106.76,1106.76
A-0000135,503,PROD-4,1.5,0,A,754.5,754.5
A-0000136,124,PROD-5,0.95,0,A,117.8,117.8
A-0000137,1580,PROD-2,1.67,0,A,2638.6,2638.6
A-0000138,969,PROD-1,1.93,0.1,A,1870.17,1683.153
A-0000139,329,PROD-2,1.67,0,A,549.43,549.43
A-0000140,1857,PROD-3,2.76,0,B,5125.32,5125.32
A-0000141,263,PROD-3,2.76,0,A,725.88,725.88
A-0000142,402,PROD-2,1.67,0,A,671.34,671.34
A-0000143,105,PROD-1,1.93,0,C,202.65,202.65
A-0000144,1426,PROD-5,0.95,0,A,1354.7,1354.7
A-0000145,517,PROD-1,1.93,0,A,997.81,997.81
A-0000146,1191,PROD-2,1.67,0,B,1988.97,1988.97
A-0000147,176,PROD-5,0.95,0,A,167.2,167.2
A-0000148,595,PROD-4,1.5,0,A,892.5,892.5
A-0000149,1509,PROD-3,2.76,0,A,4164.84,4164.84
A-0000150,1527,PROD-5,0.95,0,D,1450.65,1450.65
A-0000151,1142,PROD-5,0.95,0,B,1084.9,1084.9
A-0000152,826,PROD-2,1.67,0,A,1379.42,1379.42
A-0000153,1958,PROD-2,1.67,0,A,3269.86,3269.86
A-0000154,1432,PROD-2,1.67,0,A,2391.44,2391.44
A-0000155,931,PROD-2,1.67,0,A,1554.77,1554.77
A-0000156,383,PROD-1,1.93,0,A,739.19,739.19
A-0000157,1114,PROD-1,1.93,0,A,2150.02,2150.02
A-0000158,251,PROD-5,0.95,0,A,238.45,238.45
A-0000159,1702,PROD-3,2.76,0,A,4697.52,4697.52
A-0000160,1160,PROD-5,0.95,0,A,1102,1102
A-0000161,763,PROD-4,1.5,0,A,1144.5,1144.5
A-0000162,631,PROD-2,1.67,0,A,1053.77,1053.77
A-0000163,776,PROD-5,0.95,0,C,737.2,737.2
A-0000164,1958,PROD-2,1.67,0.05,C,3269.86,3106.367
A-0000165,877,PROD-4,1.5,0,A,1315.5,1315.5
A-0000166,1790,PROD-1,1.93,0,C,3454.7,3454.7
A-0000167,1004,PROD-5,0.95,0,A,953.8,953.8
A-0000168,303,PROD-3,2.76,0,B,836.28,836.28
A-0000169,1703,PROD-2,1.67,0,C,2844.01,2844.01
A-0000170,328,PROD-4,1.5,0,C,492,492
A-0000171,1327,PROD-2,1.67,0,B,2216.09,2216.09
A-0000172,1184,PROD-4,1.5,0,C,1776,1776
A-0000173,935,PROD-3,2.76,0,C,2580.6,2580.6
A-0000174,905,PROD-2,1.67,0.1,A,1511.35,1360.215
A-0000175,1650,PROD-3,2.76,0,A,4554,4554
A-0000176,170,PROD-2,1.67,0.1,A,283.9,255.51
A-0000177,1622,PROD-1,1.93,0,A,3130.46,3130.46
A-0000178,636,PROD-1,1.93,0,A,1227.48,1227.48
A-0000179,1214,PROD-3,2.76,0,C,3350.64,3350.64
A-0000180,1287,PROD-1,1.93,0,A,2483.91,2483.91
A-0000181,291,PROD-1,1.93,0,A,561.63,561.63
A-0000182,809,PROD-3,2.76,0,C,2232.84,2232.84
A-0000183,1073,PROD-4,1.5,0,A,1609.5,1609.5
A-0000184,769,PROD-5,0.95,0,A,730.55,730.55
A-0000185,922,PROD-2,1.67,0,A,1539.74,1539.74
A-0000186,274,PROD-5,0.95,0.05,A,260.3,247.285
A-0000187,1708,PROD-1,1.93,0,C,3296.44,3296.44
A-0000188,891,PROD-3,2.76,0,B,2459.16,2459.16
A-0000189,1334,PROD-3,2.76,0,A,3681.84,3681.84
A-0000190,246,PROD-3,2.76,0,B,678.96,678.96
A-0000191,1619,PROD-4,1.5,0.1,A,2428.5,2185.65
A-0000192,1257,PROD-2,1.67,0,A,2099.19,2099.19
A-0000193,125,PROD-1,1.93,0,A,241.25,241.25
A-0000194,856,PROD-4,1.5,0,C,1284,1284
A-0000195,304,PROD-1,1.93,0,A,586.72,586.72
A-0000196,1077,PROD-1,1.93,0,C,2078.61,2078.61
A-0000197,1655,PROD-3,2.76,0,A,4567.8,4567.8
A-0000198,458,PROD-3,2.76,0,C,1264.08,1264.08
A-0000199,1319,PROD-2,1.67,0,A,2202.73,2202.73
A-0000200,1090,PROD-5,0.95,0,B,1035.5,1035.5
A-0000201,1587,PROD-5,0.95,0,A,1507.65,1507.65
A-0000202,884,PROD-1,1.93,0,B,1706.12,1706.12
A-0000203,1129,PROD-3,2.76,0.1,A,3116.04,2804.436
A-0000204,734,PROD-1,1.93,0,B,1416.62,1416.62
A-0000205,666,PROD-3,2.76,0,C,1838.16,1838.16
A-0000206,1584,PROD-3,2.76,0,B,4371.84,4371.84
A-0000207,1122,PROD-2,1.67,0,A,1873.74,1873.74
A-0000208,1976,PROD-2,1.67,0,A,3299.92,3299.92
A-0000209,808,PROD-4,1.5,0,A,1212,1212
A-0000210,181,PROD-2,1.67,0,A,302.27,302.27
A-0000211,568,PROD-1,1.93,0,C,1096.24,1096.24
A-0000212,894,PROD-1,1.93,0,A,1725.42,1725.42
A-0000213,1351,PROD-2,1.67,0,A,2256.17,2256.17
A-0000214,664,PROD-2,1.67,0,C,1108.88,1108.88
A-0000215,1280,PROD-4,1.5,0,A,1920,1920
A-0000216,531,PROD-5,0.95,0,A,504.45,504.45
A-0000217,220,PROD-3,2.76,0,B,607.2,607.2
A-0000218,545,PROD-5,0.95,0,C,517.75,517.75
A-0000219,304,PROD-5,0.95,0,B,288.8,288.8
A-0000220,131,PROD-5,0.95,0,C,124.45,124.45
A-0000221,717,PROD-1,1.93,0,A,1383.81,1383.81
A-0000222,255,PROD-4,1.5,0.05,B,382.5,363.375
A-0000223,1627,PROD-3,2.76,0.2,C,4490.52,3592.416
A-0000224,146,PROD-1,1.93,0,B,281.78,281.78
A-0000225,1920,PROD-4,1.5,0,A,2880,2880
A-0000226,504,PROD-1,1.93,0,A,972.72,972.72
A-0000227,412,PROD-1,1.93,0,C,795.16,795.16
A-0000228,1575,PROD-3,2.76,0,A,4347,4347
A-0000229,794,PROD-4,1.5,0,A,1191,1191
A-0000230,1537,PROD-1,1.93,0.05,A,2966.41,2818.0895
A-0000231,240,PROD-3,2.76,0,C,662.4,662.4
A-0000232,321,PROD-5,0.95,0.1,A,304.95,274.455
A-0000233,1679,PROD-3,2.76,0,C,4634.04,4634.04
A-0000234,822,PROD-1,1.93,0,C,1586.46,1586.46
A-0000235,1878,PROD-2,1.67,0,A,3136.26,3136.26
A-0000236,1285,PROD-3,2.76,0,A,3546.6,3546.6
A-0000237,711,PROD-2,1.67,0,B,1187.37,1187.37
A-0000238,936,PROD-5,0.95,0,B,889.2,889.2
A-0000239,547,PROD-4,1.5,0,C,820.5,820.5
A-0000240,1270,PROD-5,0.95,0,A,1206.5,1206.5
A-0000241,1930,PROD-1,1.93,0,C,3724.9,3724.9
A-0000242,1182,PROD-5,0.95,0,B,1122.9,1122.9
A-0000243,1287,PROD-5,0.95,0,A,1222.65,1222.65
A-0000244,1344,PROD-4,1.5,0,A,2016,2016
A-0000245,556,PROD-1,1.93,0,A,1073.08,1073.08
A-0000246,1637,PROD-1,1.93,0,B,3159.41,3159.41
A-0000247,83,PROD-2,1.67,0,B,138.61,138.61
A-0000248,1348,PROD-3,2.76,0,A,3720.48,3720.48
A-0000249,602,PROD-1,1.93,0,A,1161.86,1161.86
A-0000250,664,PROD-2,1.67,0,B,1108.88,1108.88
A-0000251,1979,PROD-2,1.67,0,B,3304.93,3304.93
A-0000252,692,PROD-2,1.67,0,B,1155.64,1155.64
A-0000253,1298,PROD-5,0.95,0,B,1233.1,1233.1
A-0000254,584,PROD-5,0.95,0,A,554.8,554.8
A-0000255,1376,PROD-2,1.67,0.05,B,2297.92,2183.024
A-0000256,1506,PROD-1,1.93,0,B,2906.58,2906.58
A-0000257,145,PROD-5,0.95,0,A,137.75,137.75
A-0000258,1497,PROD-2,1.67,0,B,2499.99,2499.99
A-0000259,1256,PROD-3,2.76,0,B,3466.56,3466.56
A-0000260,1769,PROD-1,1.93,0,A,3414.17,3414.17
A-0000261,1631,PROD-4,1.5,0,A,2446.5,2446.5
A-0000262,117,PROD-4,1.5,0,C,175.5,175.5
A-0000263,1544,PROD-5,0.95,0,A,1466.8,1466.8
A-0000264,1872,PROD-2,1.67,0,A,3126.24,3126.24
A-0000265,921,PROD-2,1.67,0,C,1538.07,1538.07
A-0000266,1841,PROD-2,1.67,0.05,A,3074.47,2920.7465
A-0000267,228,PROD-1,1.93,0,C,440.04,440.04
A-0000268,1524,PROD-5,0.95,0,A,1447.8,1447.8
A-0000269,1974,PROD-4,1.5,0,C,2961,2961
A-0000270,895,PROD-5,0.95,0,B,850.25,850.25
A-0000271,1153,PROD-5,0.95,0,B,1095.35,1095.35
A-0000272,93,PROD-2,1.67,0,A,155.31,155.31
A-0000273,253,PROD-1,1.93,0,A,488.29,488.29
A-0000274,737,PROD-1,1.93,0,A,1422.41,1422.41
A-0000275,1963,PROD-5,0.95,0,A,1864.85,1864.85
A-0000276,438,PROD-4,1.5,0,C,657,657
A-0000277,1824,PROD-4,1.5,0,D,2736,2736
A-0000278,1913,PROD-4,1.5,0,B,2869.5,2869.5
A-0000279,1484,PROD-5,0.95,0,C,1409.8,1409.8
A-0000280,215,PROD-2,1.67,0,A,359.05,359.05
A-0000281,881,PROD-2,1.67,0,A,1471.27,1471.27
A-0000282,437,PROD-2,1.67,0,A,729.79,729.79
A-0000283,1305,PROD-2,1.67,0,B,2179.35,2179.35
A-0000284,1831,PROD-2,1.67,0,C,3057.77,3057.77
A-0000285,1402,PROD-1,1.93,0,A,2705.86,2705.86
A-0000286,895,PROD-2,1.67,0,C,1494.65,1494.65
A-0000287,551,PROD-2,1.67,0,C,920.17,920.17
A-0000288,1575,PROD-1,1.93,0,A,3039.75,3039.75
A-0000289,992,PROD-3,2.76,0,A,2737.92,2737.92
A-0000290,150,PROD-4,1.5,0,A,225,225
A-0000291,281,PROD-4,1.5,0,A,421.5,421.5
A-0000292,809,PROD-1,1.93,0,B,1561.37,1561.37
A-0000293,1301,PROD-2,1.67,0,A,2172.67,2172.67
A-0000294,1400,PROD-5,0.95,0,A,1330,1330
A-0000295,113,PROD-1,1.93,0,A,218.09,218.09
A-0000296,561,PROD-3,2.76,0,B,1548.36,1548.36
A-0000297,1031,PROD-2,1.67,0,C,1721.77,1721.77
A-0000298,1728,PROD-1,1.93,0,C,3335.04,3335.04
A-0000299,1008,PROD-1,1.93,0.05,A,1945.44,1848.168
A-0000300,1539,PROD-3,2.76,0,C,4247.64,4247.64
A-0000301,623,PROD-4,1.5,0,A,934.5,934.5
A-0000302,744,PROD-2,1.67,0,A,1242.48,1242.48
A-0000303,1446,PROD-5,0.95,0,A,1373.7,1373.7
A-0000304,1502,PROD-4,1.5,0,A,2253,2253
A-0000305,651,PROD-1,1.93,0,A,1256.43,1256.43
A-0000306,1722,PROD-1,1.93,0,A,3323.46,3323.46
A-0000307,571,PROD-1,1.93,0,B,1102.03,1102.03
A-0000308,1121,PROD-2,1.67,0,A,1872.07,1872.07
A-0000309,723,PROD-1,1.93,0,A,1395.39,1395.39
A-0000310,594,PROD-3,2.76,0,A,1639.44,1639.44
A-0000311,593,PROD-4,1.5,0,A,889.5,889.5
A-0000312,1240,PROD-2,1.67,0,A,2070.8,2070.8
A-0000313,393,PROD-2,1.67,0,C,656.31,656.31
A-0000314,1897,PROD-1,1.93,0,A,3661.21,3661.21
A-0000315,881,PROD-1,1.93,0,A,1700.33,1700.33
A-0000316,1899,PROD-4,1.5,0,A,2848.5,2848.5
A-0000317,1613,PROD-1,1.93,0,C,3113.09,3113.09
A-0000318,268,PROD-2,1.67,0,C,447.56,447.56
A-0000319,572,PROD-1,1.93,0,B,1103.96,1103.96
A-0000320,613,PROD-5,0.95,0,A,582.35,582.35
A-0000321,1827,PROD-5,0.95,0,A,1735.65,1735.65
A-0000322,710,PROD-3,2.76,0,B,1959.6,1959.6
A-0000323,1852,PROD-5,0.95,0.05,A,1759.4,1671.43
A-0000324,942,PROD-4,1.5,0,C,1413,1413
A-0000325,842,PROD-2,1.67,0,A,1406.14,1406.14
A-0000326,1781,PROD-1,1.93,0,A,3437.33,3437.33
A-0000327,1159,PROD-2,1.67,0,A,1935.53,1935.53
A-0000328,1516,PROD-4,1.5,0,C,2274,2274
A-0000329,1635,PROD-4,1.5,0,A,2452.5,2452.5
A-0000330,992,PROD-4,1.5,0,A,1488,1488
A-0000331,1460,PROD-4,1.5,0,A,2190,2190
A-0000332,1479,PROD-4,1.5,0,B,2218.5,2218.5
A-0000333,1523,PROD-5,0.95,0,A,1446.85,1446.85
A-0000334,399,PROD-4,1.5,0,A,598.5,598.5
A-0000335,1470,PROD-3,2.76,0,C,4057.2,4057.2
A-0000336,799,PROD-3,2.76,0,B,2205.24,2205.24
A-0000337,1460,PROD-1,1.93,0,B,2817.8,2817.8
A-0000338,1101,PROD-3,2.76,0.05,A,3038.76,2886.822
A-0000339,1369,PROD-3,2.76,0,A,3778.44,3778.44
A-0000340,1928,PROD-1,1.93,0,C,3721.04,3721.04
A-0000341,1910,PROD-3,2.76,0,A,5271.6,5271.6
A-0000342,863,PROD-1,1.93,0,C,1665.59,1665.59
A-0000343,384,PROD-5,0.95,0,A,364.8,364.8
A-0000344,1489,PROD-4,1.5,0.1,C,2233.5,2010.15
A-0000345,1474,PROD-5,0.95,0,A,1400.3,1400.3
A-0000346,807,PROD-5,0.95,0,B,766.65,766.65
A-0000347,1813,PROD-4,1.5,0,C,2719.5,2719.5
A-0000348,1702,PROD-5,0.95,0,A,1616.9,1616.9
A-0000349,568,PROD-1,1.93,0,C,1096.24,1096.24
A-0000350,675,PROD-2,1.67,0,A,1127.25,1127.25
A-0000351,1712,PROD-4,1.5,0,C,2568,2568
A-0000352,188,PROD-4,1.5,0,A,282,282
A-0000353,1327,PROD-2,1.67,0,B,2216.09,2216.09
A-0000354,110,PROD-1,1.93,0,D,212.3,212.3
A-0000355,1743,PROD-4,1.5,0,A,2614.5,2614.5
A-0000356,563,PROD-2,1.67,0.2,A,940.21,752.168
A-0000357,173,PROD-4,1.5,0.05,A,259.5,246.525
A-0000358,103,PROD-2,1.67,0,C,172.01,172.01
A-0000359,1132,PROD-5,0.95,0,A,1075.4,1075.4
A-0000360,425,PROD-4,1.5,0,A,637.5,637.5
A-0000361,1254,PROD-1,1.93,0,A,2420.22,2420.22
A-0000362,948,PROD-1,1.93,0,C,1829.64,1829.64
A-0000363,1479,PROD-1,1.93,0,B,2854.47,2854.47
A-0000364,315,PROD-1,1.93,0,C,607.95,607.95
A-0000365,478,PROD-3,2.76,0,A,1319.28,1319.28
A-0000366,161,PROD-3,2.76,0,A,444.36,444.36
A-0000367,439,PROD-1,1.93,0,A,847.27,847.27
A-0000368,1595,PROD-3,2.76,0,C,4402.2,4402.2
A-0000369,383,PROD-1,1.93,0,A,739.19,739.19
A-0000370,1007,PROD-3,2.76,0,A,2779.32,2779.32
A-0000371,1527,PROD-3,2.76,0,A,4214.52,4214.52
A-0000372,365,PROD-3,2.76,0,A,1007.4,1007.4
A-0000373,1826,PROD-2,1.67,0,A,3049.42,3049.42
A-0000374,719,PROD-3,2.76,0,A,1984.44,1984.44
A-0000375,301,PROD-2,1.67,0,A,502.67,502.67
A-0000376,169,PROD-2,1.67,0,C,282.23,282.23
A-0000377,1365,PROD-2,1.67,0.05,C,2279.55,2165.5725
A-0000378,1485,PROD-2,1.67,0,C,2479.95,2479.95
A-0000379,1232,PROD-2,1.67,0,A,2057.44,2057.44
A-0000380,701,PROD-1,1.93,0,A,1352.93,1352.93
A-0000381,131,PROD-2,1.67,0.05,A,218.77,207.8315
A-0000382,1121,PROD-3,2.76,0,A,3093.96,3093.96
A-0000383,1144,PROD-3,2.76,0,C,3157.44,3157.44
A-0000384,1833,PROD-1,1.93,0,A,3537.69,3537.69
A-0000385,335,PROD-3,2.76,0,B,924.6,924.6
A-0000386,1581,PROD-1,1.93,0,C,3051.33,3051.33
A-0000387,1425,PROD-3,2.76,0,C,3933,3933
A-0000388,459,PROD-3,2.76,0,A,1266.84,1266.84
A-0000389,1621,PROD-2,1.67,0,A,2707.07,2707.07
A-0000390,1517,PROD-3,2.76,0,C,4186.92,4186.92
A-0000391,1751,PROD-2,1.67,0,A,2924.17,2924.17
A-0000392,667,PROD-3,2.76,0,A,1840.92,1840.92
A-0000393,503,PROD-2,1.67,0,A,840.01,840.01
A-0000394,1203,PROD-2,1.67,0,A,2009.01,2009.01
A-0000395,708,PROD-1,1.93,0.05,A,1366.44,1298.118
A-0000396,683,PROD-1,1.93,0,B,1318.19,1318.19
A-0000397,856,PROD-2,1.67,0,A,1429.52,1429.52
A-0000398,932,PROD-2,1.67,0,C,1556.44,1556.44
A-0000399,255,PROD-2,1.67,0,A,425.85,425.85
A-0000400,855,PROD-1,1.93,0,A,1650.15,1650.15
A-0000401,1587,PROD-2,1.67,0,C,2650.29,2650.29
A-0000402,147,PROD-2,1.67,0,C,245.49,245.49
A-0000403,1570,PROD-1,1.93,0,C,3030.1,3030.1
A-0000404,293,PROD-3,2.76,0,C,808.68,808.68
A-0000405,1659,PROD-2,1.67,0,A,2770.53,2770.53
A-0000406,252,PROD-3,2.76,0,A,695.52,695.52
A-0000407,721,PROD-2,1.67,0,B,1204.07,1204.07
A-0000408,1721,PROD-3,2.76,0.1,A,4749.96,4274.964
A-0000409,1720,PROD-3,2.76,0,C,4747.2,4747.2
A-0000410,658,PROD-3,2.76,0,C,1816.08,1816.08
A-0000411,237,PROD-3,2.76,0,B,654.12,654.12
A-0000412,693,PROD-3,2.76,0,A,1912.68,1912.68
A-0000413,956,PROD-3,2.76,0,A,2638.56,2638.56
A-0000414,748,PROD-2,1.67,0,A,1249.16,1249.16
A-0000415,1064,PROD-1,1.93,0,A,2053.52,2053.52
A-0000416,564,PROD-3,2.76,0,A,1556.64,1556.64
A-0000417,389,PROD-3,2.76,0,A,1073.64,1073.64
A-0000418,677,PROD-3,2.76,0,A,1868.52,1868.52
A-0000419,1455,PROD-1,1.93,0,B,2808.15,2808.15
A-0000420,161,PROD-3,2.76,0,A,444.36,444.36
A-0000421,954,PROD-1,1.93,0,B,1841.22,1841.22
A-0000422,1569,PROD-3,2.76,0,C,4330.44,4330.44
A-0000423,197,PROD-1,1.93,0,A,380.21,380.21
A-0000424,1791,PROD-2,1.67,0,A,2990.97,2990.97
A-0000425,1691,PROD-2,1.67,0,A,2823.97,2823.97
A-0000426,854,PROD-3,2.76,0,A,2357.04,2357.04
A-0000427,1488,PROD-2,1.67,0,A,2484.96,2484.96
A-0000428,543,PROD-2,1.67,0,B,906.81,906.81
A-0000429,1797,PROD-3,2.76,0,C,4959.72,4959.72
A-0000430,1064,PROD-2,1.67,0,A,1776.88,1776.88
A-0000431,1905,PROD-3,2.76,0,A,5257.8,5257.8
A-0000432,1426,PROD-1,1.93,0,C,2752.18,2752.18
A-0000433,1931,PROD-2,1.67,0,D,3224.77,3224.77
A-0000434,1945,PROD-1,1.93,0,A,3753.85,3753.85
A-0000435,330,PROD-1,1.93,0,A,636.9,636.9
A-0000436,1846,PROD-1,1.93,0.2,A,3562.78,2850.224
A-0000437,1395,PROD-1,1.93,0,A,2692.35,2692.35
A-0000438,1322,PROD-3,2.76,0.05,B,3648.72,3466.284
A-0000439,844,PROD-3,2.76,0,B,2329.44,2329.44
A-0000440,1506,PROD-2,1.67,0,A,2515.02,2515.02
A-0000441,1845,PROD-1,1.93,0,C,3560.85,3560.85
A-0000442,1587,PROD-1,1.93,0,A,3062.91,3062.91
A-0000443,118,PROD-3,2.76,0,A,325.68,325.68
A-0000444,369,PROD-1,1.93,0,C,712.17,712.17
A-0000445,1767,PROD-3,2.76,0,A,4876.92,4876.92
A-0000446,216,PROD-3,2.76,0,C,596.16,596.16
A-0000447,1666,PROD-3,2.76,0,A,4598.16,4598.16
A-0000448,1411,PROD-2,1.67,0,A,2356.37,2356.37
A-0000449,1013,PROD-2,1.67,0,A,1691.71,1691.71
A-0000450,1772,PROD-1,1.93,0,A,3419.96,3419.96
A-0000451,306,PROD-2,1.67,0,A,511.02,511.02
A-0000452,1565,PROD-1,1.93,0.1,C,3020.45,2718.405
A-0000453,1412,PROD-2,1.67,0,C,2358.04,2358.04
A-0000454,1005,PROD-2,1.67,0.05,C,1678.35,1594.4325
A-0000455,325,PROD-1,1.93,0,A,627.25,627.25
A-0000456,1825,PROD-2,1.67,0,A,3047.75,3047.75
A-0000457,946,PROD-3,2.76,0,A,2610.96,2610.96
A-0000458,1547,PROD-2,1.67,0,A,2583.49,2583.49
A-0000459,525,PROD-3,2.76,0,A,1449,1449
A-0000460,1264,PROD-1,1.93,0,B,2439.52,2439.52
A-0000461,168,PROD-3,2.76,0,C,463.68,463.68
A-0000462,1415,PROD-2,1.67,0,A,2363.05,2363.05
A-0000463,1213,PROD-3,2.76,0,C,3347.88,3347.88
A-0000464,1673,PROD-3,2.76,0,A,4617.48,4617.48
A-0000465,1391,PROD-1,1.93,0,A,2684.63,2684.63
A-0000466,1694,PROD-2,1.67,0,C,2828.98,2828.98
A-0000467,306,PROD-2,1.67,0,B,511.02,511.02
A-0000468,630,PROD-2,1.67,0,A,1052.1,1052.1
A-0000469,1543,PROD-2,1.67,0,A,2576.81,2576.81
A-0000470,383,PROD-2,1.67,0,C,639.61,639.61
A-0000471,1205,PROD-1,1.93,0,B,2325.65,2325.65
A-0000472,870,PROD-2,1.67,0,A,1452.9,1452.9
A-0000473,1586,PROD-2,1.67,0,B,2648.62,2648.62
A-0000474,1417,PROD-1,1.93,0,A,2734.81,2734.81
A-0000475,597,PROD-2,1.67,0,C,996.99,996.99
A-0000476,1112,PROD-2,1.67,0.05,A,1857.04,1764.188
A-0000477,1917,PROD-1,1.93,0,A,3699.81,3699.81
A-0000478,568,PROD-2,1.67,0,A,948.56,948.56
A-0000479,150,PROD-2,1.67,0,A,250.5,250.5
A-0000480,843,PROD-1,1.93,0,A,1626.99,1626.99
A-0000481,1207,PROD-1,1.93,0,C,2329.51,2329.51
A-0000482,120,PROD-1,1.93,0,A,231.6,231.6
A-0000483,160,PROD-1,1.93,0.05,C,308.8,293.36
A-0000484,493,PROD-1,1.93,0,B,951.49,951.49
A-0000485,1920,PROD-1,1.93,0,A,3705.6,3705.6
A-0000486,945,PROD-2,1.67,0,A,1578.15,1578.15
A-0000487,999,PROD-1,1.93,0,B,1928.07,1928.07
A-0000488,1772,PROD-1,1.93,0,C,3419.96,3419.96
A-0000489,270,PROD-1,1.93,0,A,521.1,521.1
A-0000490,1372,PROD-2,1.67,0,C,2291.24,2291.24
A-0000491,1096,PROD-1,1.93,0,A,2115.28,2115.28
A-0000492,1192,PROD-2,1.67,0,C,1990.64,1990.64
A-0000493,542,PROD-2,1.67,0,C,905.14,905.14
A-0000494,433,PROD-2,1.67,0,C,723.11,723.11
A-0000495,1074,PROD-2,1.67,0.05,A,1793.58,1703.901
A-0000496,1361,PROD-1,1.93,0,A,2626.73,2626.73
A-0000497,1425,PROD-2,1.67,0,A,2379.75,2379.75
A-0000498,426,PROD-1,1.93,0,C,822.18,822.18
A-0000499,1046,PROD-2,1.67,0,B,1746.82,1746.82
A-0000500,477,PROD-1,1.93,0,A,920.61,920.61
A-0000501,1400,PROD-1,1.93,0.05,A,2702,2566.9
A-0000502,1751,PROD-2,1.67,0,C,2924.17,2924.17
A-0000503,1292,PROD-1,1.93,0,A,2493.56,2493.56
A-0000504,182,PROD-1,1.93,0,B,351.26,351.26
A-0000505,1470,PROD-1,1.93,0,A,2837.1,2837.1
A-0000506,844,PROD-1,1.93,0,A,1628.92,1628.92
A-0000507,1741,PROD-1,1.93,0,C,3360.13,3360.13
A-0000508,363,PROD-1,1.93,0,A,700.59,700.59
A-0000509,394,PROD-1,1.93,0,A,760.42,760.42
A-0000510,1678,PROD-2,1.67,0,C,2802.26,2802.26
A-0000511,660,PROD-1,1.93,0,A,1273.8,1273.8
A-0000512,1471,PROD-1,1.93,0,A,2839.03,2839.03
A-0000513,696,PROD-2,1.67,0,C,1162.32,1162.32
A-0000514,1939,PROD-1,1.93,0,D,3742.27,3742.27
A-0000515,1265,PROD-1,1.93,0,C,2441.45,2441.45
A-0000516,1254,PROD-2,1.67,0,A,2094.18,2094.18
A-0000517,288,PROD-2,1.67,0.05,A,480.96,456.912
A-0000518,602,PROD-2,1.67,0,B,1005.34,1005.34
A-0000519,638,PROD-1,1.93,0,C,1231.34,1231.34
A-0000520,1354,PROD-1,1.93,0,B,2613.22,2613.22
A-0000521,1415,PROD-2,1.67,0,A,2363.05,2363.05
A-0000522,731,PROD-2,1.67,0,C,1220.77,1220.77
A-0000523,806,PROD-2,1.67,0,A,1346.02,1346.02
A-0000524,1671,PROD-2,1.67,0,B,2790.57,2790.57
A-0000525,259,PROD-1,1.93,0,A,499.87,499.87
A-0000526,735,PROD-1,1.93,0,C,1418.55,1418.55
A-0000527,1535,PROD-1,1.93,0,A,2962.55,2962.55
A-0000528,1018,PROD-2,1.67,0.05,A,1700.06,1615.057
A-0000529,942,PROD-2,1.67,0,A,1573.14,1573.14
A-0000530,689,PROD-1,1.93,0,A,1329.77,1329.77
A-0000531,499,PROD-2,1.67,0,B,833.33,833.33
A-0000532,184,PROD-2,1.67,0.1,A,307.28,276.552
A-0000533,645,PROD-1,1.93,0,C,1244.85,1244.85
A-0000534,988,PROD-1,1.93,0,B,1906.84,1906.84
A-0000535,1725,PROD-2,1.67,0,C,2880.75,2880.75
A-0000536,257,PROD-2,1.67,0,A,429.19,429.19
A-0000537,940,PROD-2,1.67,0,C,1569.8,1569.8
A-0000538,430,PROD-2,1.67,0.1,A,718.1,646.29
A-0000539,1447,PROD-1,1.93,0,A,2792.71,2792.71
A-0000540,835,PROD-2,1.67,0,A,1394.45,1394.45
A-0000541,1320,PROD-1,1.93,0.05,A,2547.6,2420.22
A-0000542,101,PROD-2,1.67,0,B,168.67,168.67
A-0000543,1003,PROD-2,1.67,0,A,1675.01,1675.01
A-0000544,101,PROD-1,1.93,0,C,194.93,194.93
A-0000545,489,PROD-2,1.67,0,B,816.63,816.63
A-0000546,737,PROD-1,1.93,0,C,1422.41,1422.41
A-0000547,567,PROD-1,1.93,0,A,1094.31,1094.31
A-0000548,1290,PROD-2,1.67,0,A,2154.3,2154.3
A-0000549,683,PROD-2,1.67,0,C,1140.61,1140.61
A-0000550,668,PROD-2,1.67,0,A,1115.56,1115.56
A-0000551,683,PROD-1,1.93,0,A,1318.19,1318.19
A-0000552,1346,PROD-2,1.67,0,A,2247.82,2247.82
A-0000553,351,PROD-1,1.93,0,A,677.43,677.43
A-0000554,1605,PROD-2,1.67,0,B,2680.35,2680.35
A-0000555,982,PROD-1,1.93,0,A,1895.26,1895.26
A-0000556,1623,PROD-1,1.93,0,A,3132.39,3132.39
A-0000557,242,PROD-1,1.93,0.1,A,467.06,420.354
A-0000558,1086,PROD-2,1.67,0,A,1813.62,1813.62
A-0000559,1484,PROD-2,1.67,0,C,2478.28,2478.28
A-0000560,1595,PROD-1,1.93,0,A,3078.35,3078.35
A-0000561,1736,PROD-2,1.67,0,B,2899.12,2899.12
A-0000562,846,PROD-2,1.67,0,B,1412.82,1412.82
A-0000563,1169,PROD-2,1.67,0,B,1952.23,1952.23
A-0000564,514,PROD-1,1.93,0.05,C,992.02,942.419
A-0000565,1577,PROD-1,1.93,0,A,3043.61,3043.61
A-0000566,1276,PROD-2,1.67,0,A,2130.92,2130.92
A-0000567,757,PROD-2,1.67,0,C,1264.19,1264.19
A-0000568,1811,PROD-2,1.67,0,A,3024.37,3024.37
A-0000569,656,PROD-1,1.93,0,B,1266.08,1266.08
A-0000570,278,PROD-1,1.93,0,B,536.54,536.54
A-0000571,457,PROD-2,1.67,0,A,763.19,763.19
A-0000572,857,PROD-2,1.67,0,A,1431.19,1431.19
A-0000573,652,PROD-1,1.93,0,A,1258.36,1258.36
A-0000574,1204,PROD-1,1.93,0,B,2323.72,2323.72
A-0000575,1050,PROD-2,1.67,0,A,1753.5,1753.5
A-0000576,401,PROD-2,1.67,0,A,669.67,669.67
A-0000577,1982,PROD-1,1.93,0,A,3825.26,3825.26
A-0000578,1958,PROD-1,1.93,0,A,3778.94,3778.94
A-0000579,469,PROD-1,1.93,0.05,A,905.17,859.9115
A-0000580,822,PROD-2,1.67,0,A,1372.74,1372.74
A-0000581,1384,PROD-1,1.93,0,B,2671.12,2671.12
A-0000582,1929,PROD-1,1.93,0,A,3722.97,3722.97
A-0000583,1284,PROD-2,1.67,0,A,2144.28,2144.28
A-0000584,436,PROD-1,1.93,0,C,841.48,841.48
A-0000585,1893,PROD-2,1.67,0,C,3161.31,3161.31
A-0000586,294,PROD-1,1.93,0,C,567.42,567.42
A-0000587,183,PROD-1,1.93,0,B,353.19,353.19
A-0000588,903,PROD-2,1.67,0,A,1508.01,1508.01
A-0000589,1377,PROD-1,1.93,0,C,2657.61,2657.61
A-0000590,530,PROD-1,1.93,0,A,1022.9,1022.9
A-0000591,1644,PROD-1,1.93,0,B,3172.92,3172.92
A-0000592,1334,PROD-2,1.67,0,A,2227.78,2227.78
A-0000593,1668,PROD-2,1.67,0,C,2785.56,2785.56
A-0000594,165,PROD-1,1.93,0,B,318.45,318.45
A-0000595,1748,PROD-2,1.67,0.05,C,2919.16,2773.202
A-0000596,1152,PROD-1,1.93,0,C,2223.36,2223.36
A-0000597,176,PROD-1,1.93,0,D,339.68,339.68
A-0000598,985,PROD-2,1.67,0,A,1644.95,1644.95
A-0000599,690,PROD-2,1.67,0,A,1152.3,1152.3
A-0000600,1323,PROD-1,1.93,0,A,2553.39,2553.39
A-0000601,153,PROD-2,1.67,0,A,255.51,255.51
A-0000602,1175,PROD-1,1.93,0,A,2267.75,2267.75
A-0000603,1799,PROD-2,1.67,0,A,3004.33,3004.33
A-0000604,1008,PROD-2,1.67,0.05,C,1683.36,1599.192
A-0000605,1544,PROD-2,1.67,0,C,2578.48,2578.48
A-0000606,1295,PROD-2,1.67,0,C,2162.65,2162.65
A-0000607,1670,PROD-1,1.93,0,A,3223.1,3223.1
A-0000608,287,PROD-1,1.93,0,A,553.91,553.91
A-0000609,1441,PROD-1,1.93,0,A,2781.13,2781.13
A-0000610,1277,PROD-2,1.67,0,A,2132.59,2132.59
A-0000611,1352,PROD-1,1.93,0.1,A,2609.36,2348.424
A-0000612,90,PROD-2,1.67,0,A,150.3,150.3
A-0000613,631,PROD-2,1.67,0,C,1053.77,1053.77
A-0000614,1986,PROD-2,1.67,0,B,3316.62,3316.62
A-0000615,846,PROD-1,1.93,0,A,1632.78,1632.78
A-0000616,1974,PROD-2,1.67,0.1,A,3296.58,2966.922
A-0000617,252,PROD-2,1.67,0,B,420.84,420.84
A-0000618,668,PROD-1,1.93,0.05,A,1289.24,1224.778
A-0000619,1018,PROD-2,1.67,0,A,1700.06,1700.06
A-0000620,1362,PROD-2,1.67,0.2,C,2274.54,1819.632
A-0000621,1299,PROD-2,1.67,0,C,2169.33,2169.33
A-0000622,401,PROD-1,1.93,0,B,773.93,773.93
A-0000623,1659,PROD-1,1.93,0.05,B,3201.87,3041.7765
A-0000624,1534,PROD-2,1.67,0,C,2561.78,2561.78
A-0000625,1897,PROD-1,1.93,0,A,3661.21,3661.21
A-0000626,1574,PROD-2,1.67,0,B,2628.58,2628.58
A-0000627,1929,PROD-1,1.93,0,B,3722.97,3722.97
A-0000628,880,PROD-1,1.93,0,A,1698.4,1698.4
A-0000629,514,PROD-2,1.67,0,A,858.38,858.38
A-0000630,251,PROD-2,1.67,0,A,419.17,419.17
A-0000631,1168,PROD-1,1.93,0,A,2254.24,2254.24
A-0000632,737,PROD-1,1.93,0,B,1422.41,1422.41
A-0000633,418,PROD-2,1.67,0,A,698.06,698.06
A-0000634,554,PROD-1,1.93,0,A,1069.22,1069.22
A-0000635,1793,PROD-1,1.93,0,C,3460.49,3460.49
A-0000636,617,PROD-2,1.67,0,C,1030.39,1030.39
A-0000637,1441,PROD-2,1.67,0.1,C,2406.47,2165.823
A-0000638,680,PROD-2,1.67,0,A,1135.6,1135.6
A-0000639,173,PROD-2,1.67,0.2,C,288.91,231.128
A-0000640,1305,PROD-1,1.93,0,C,2518.65,2518.65
A-0000641,654,PROD-2,1.67,0.1,C,1092.18,982.962
A-0000642,167,PROD-1,1.93,0,A,322.31,322.31
A-0000643,293,PROD-2,1.67,0,A,489.31,489.31
A-0000644,1944,PROD-1,1.93,0,A,3751.92,3751.92
A-0000645,311,PROD-1,1.93,0,C,600.23,600.23
A-0000646,672,PROD-2,1.67,0,A,1122.24,1122.24
A-0000647,1908,PROD-1,1.93,0,B,3682.44,3682.44
A-0000648,446,PROD-2,1.67,0,A,744.82,744.82
A-0000649,406,PROD-1,1.93,0,A,783.58,783.58
A-0000650,140,PROD-1,1.93,0,A,270.2,270.2
A-0000651,1475,PROD-1,1.93,0,B,2846.75,2846.75
A-0000652,643,PROD-2,1.67,0,C,1073.81,1073.81
A-0000653,1833,PROD-2,1.67,0,A,3061.11,3061.11
A-0000654,439,PROD-2,1.67,0,A,733.13,733.13
A-0000655,1783,PROD-2,1.67,0,A,2977.61,2977.61
A-0000656,156,PROD-1,1.93,0,A,301.08,301.08
A-0000657,1727,PROD-2,1.67,0,A,2884.09,2884.09
A-0000658,414,PROD-1,1.93,0,A,799.02,799.02
A-0000659,1345,PROD-2,1.67,0,A,2246.15,2246.15
A-0000660,455,PROD-1,1.93,0,A,878.15,878.15
A-0000661,1742,PROD-2,1.67,0,A,2909.14,2909.14
A-0000662,465,PROD-2,1.67,0,A,776.55,776.55
A-0000663,684,PROD-2,1.67,0,C,1142.28,1142.28
A-0000664,1416,PROD-1,1.93,0,B,2732.88,2732.88
A-0000665,1133,PROD-2,1.67,0,A,1892.11,1892.11
A-0000666,1944,PROD-1,1.93,0,C,3751.92,3751.92
A-0000667,914,PROD-2,1.67,0,C,1526.38,1526.38
A-0000668,749,PROD-2,1.67,0,A,1250.83,1250.83
A-0000669,259,PROD-1,1.93,0,A,499.87,499.87
A-0000670,1460,PROD-1,1.93,0.05,A,2817.8,2676.91
A-0000671,764,PROD-2,1.67,0,A,1275.88,1275.88
A-0000672,800,PROD-2,1.67,0,C,1336,1336
A-0000673,190,PROD-2,1.67,0,A,317.3,317.3
A-0000674,1018,PROD-2,1.67,0,C,1700.06,1700.06
A-0000675,1851,PROD-1,1.93,0,A,3572.43,3572.43
A-0000676,1145,PROD-1,1.93,0,A,2209.85,2209.85
A-0000677,1932,PROD-2,1.67,0,B,3226.44,3226.44
A-0000678,513,PROD-1,1.93,0,D,990.09,990.09
A-0000679,1014,PROD-1,1.93,0,B,1957.02,1957.02
A-0000680,1672,PROD-2,1.67,0,A,2792.24,2792.24
A-0000681,1660,PROD-2,1.67,0,C,2772.2,2772.2
A-0000682,1385,PROD-2,1.67,0,A,2312.95,2312.95
A-0000683,1892,PROD-1,1.93,0,C,3651.56,3651.56
A-0000684,361,PROD-1,1.93,0,B,696.73,696.73
A-0000685,740,PROD-1,1.93,0,A,1428.2,1428.2
A-0000686,1836,PROD-2,1.67,0,B,3066.12,3066.12
A-0000687,782,PROD-1,1.93,0.05,A,1509.26,1433.797
A-0000688,825,PROD-1,1.93,0,A,1592.25,1592.25
A-0000689,505,PROD-2,1.67,0,B,843.35,843.35
A-0000690,1151,PROD-1,1.93,0,C,2221.43,2221.43
A-0000691,379,PROD-1,1.93,0,C,731.47,731.47
A-0000692,584,PROD-2,1.67,0,C,975.28,975.28
A-0000693,595,PROD-1,1.93,0,A,1148.35,1148.35
A-0000694,1711,PROD-2,1.67,0,A,2857.37,2857.37
A-0000695,952,PROD-1,1.93,0,A,1837.36,1837.36
A-0000696,1743,PROD-1,1.93,0,A,3363.99,3363.99
A-0000697,1061,PROD-1,1.93,0,A,2047.73,2047.73
A-0000698,735,PROD-1,1.93,0.1,C,1418.55,1276.695
A-0000699,168,PROD-1,1.93,0,A,324.24,324.24
A-0000700,512,PROD-2,1.67,0,C,855.04,855.04
A-0000701,1334,PROD-2,1.67,0,B,2227.78,2227.78
A-0000702,1766,PROD-2,1.67,0,A,2949.22,2949.22
A-0000703,1284,PROD-2,1.67,0,A,2144.28,2144.28
A-0000704,1114,PROD-1,1.93,0,A,2150.02,2150.02
A-0000705,543,PROD-2,1.67,0,A,906.81,906.81
A-0000706,1451,PROD-1,1.93,0,A,2800.43,2800.43
A-0000707,1483,PROD-2,1.67,0,A,2476.61,2476.61
A-0000708,769,PROD-2,1.67,0,A,1284.23,1284.23
A-0000709,1388,PROD-2,1.67,0,A,2317.96,2317.96
A-0000710,1776,PROD-2,1.67,0,B,2965.92,2965.92
A-0000711,1864,PROD-1,1.93,0,A,3597.52,3597.52
A-0000712,1017,PROD-2,1.67,0,B,1698.39,1698.39
A-0000713,851,PROD-1,1.93,0,A,1642.43,1642.43
A-0000714,1050,PROD-2,1.67,0,C,1753.5,1753.5
A-0000715,1917,PROD-1,1.93,0.05,A,3699.81,3514.8195
A-0000716,1217,PROD-1,1.93,0,A,2348.81,2348.81
A-0000717,509,PROD-2,1.67,0,A,850.03,850.03
A-0000718,342,PROD-1,1.93,0,A,660.06,660.06
A-0000719,429,PROD-1,1.93,0,A,827.97,827.97
A-0000720,1455,PROD-1,1.93,0,A,2808.15,2808.15
A-0000721,706,PROD-2,1.67,0,A,1179.02,1179.02
A-0000722,1564,PROD-2,1.67,0.1,C,2611.88,2350.692
A-0000723,1777,PROD-2,1.67,0,A,2967.59,2967.59
A-0000724,263,PROD-2,1.67,0,B,439.21,439.21
A-0000725,1509,PROD-1,1.93,0,B,2912.37,2912.37
A-0000726,1735,PROD-1,1.93,0,B,3348.55,3348.55
A-0000727,836,PROD-1,1.93,0,C,1613.48,1613.48
A-0000728,163,PROD-1,1.93,0,C,314.59,314.59
A-0000729,1638,PROD-2,1.67,0.1,C,2735.46,2461.914
A-0000730,1646,PROD-2,1.67,0,A,2748.82,2748.82
A-0000731,1000,PROD-2,1.67,0,A,1670,1670
A-0000732,580,PROD-1,1.93,0,B,1119.4,1119.4
A-0000733,972,PROD-1,1.93,0,A,1875.96,1875.96
A-0000734,307,PROD-1,1.93,0,B,592.51,592.51
A-0000735,1400,PROD-1,1.93,0,A,2702,2702
A-0000736,1402,PROD-1,1.93,0.05,A,2705.86,2570.567
A-0000737,590,PROD-1,1.93,0,A,1138.7,1138.7
A-0000738,1665,PROD-1,1.93,0.05,A,3213.45,3052.7775
A-0000739,111,PROD-2,1.67,0,A,185.37,185.37
A-0000740,886,PROD-2,1.67,0,A,1479.62,1479.62
A-0000741,98,PROD-2,1.67,0,A,163.66,163.66
A-0000742,1841,PROD-1,1.93,0,A,3553.13,3553.13
A-0000743,1587,PROD-2,1.67,0,C,2650.29,2650.29
A-0000744,597,PROD-2,1.67,0,D,996.99,996.99
A-0000745,1069,PROD-1,1.93,0,D,2063.17,2063.17
A-0000746,1935,PROD-2,1.67,0,D,3231.45,3231.45
A-0000747,1084,PROD-1,1.93,0,A,2092.12,2092.12
A-0000748,776,PROD-1,1.93,0,C,1497.68,1497.68
A-0000749,1150,PROD-2,1.67,0,A,1920.5,1920.5
A-0000750,876,PROD-1,1.93,0,C,1690.68,1690.68
